iso3,country,gdp_2025_billion_usd,rank
USA,United States,27970,1
CHN,China,18400,2
DEU,Germany,4590,3
JPN,Japan,4210,4
IND,India,3730,5
GBR,United Kingdom,3340,6
FRA,France,3050,7
ITA,Italy,2170,8
CAN,Canada,2140,9
BRA,Brazil,2330,10
RUS,Russia,2020,11
KOR,South Korea,1710,12
AUS,Australia,1720,13
ESP,Spain,1590,14
MEX,Mexico,1790,15
IDN,Indonesia,1310,16
NLD,Netherlands,1120,17
SAU,Saudi Arabia,1110,18
TUR,Turkey,1100,19
CHE,Switzerland,940,20
POL,Poland,860,21
TWN,Taiwan,790,22
BEL,Belgium,620,23
SWE,Sweden,620,24
IRL,Ireland,560,25
ARG,Argentina,640,26
NOR,Norway,480,27
AUT,Austria,530,28
ISR,Israel,530,29
ARE,United Arab Emirates,510,30
NGA,Nigeria,510,31
EGY,Egypt,400,32
THA,Thailand,510,33
VNM,Vietnam,430,34
BGD,Bangladesh,450,35
MYS,Malaysia,440,34
ZAF,South Africa,420,36
SGP,Singapore,530,37
PHL,Philippines,470,38
DNK,Denmark,420,39
COL,Colombia,360,40
ROU,Romania,350,41
CZE,Czech Republic,340,42
PAK,Pakistan,340,43
CHL,Chile,340,44
FIN,Finland,300,45
PRT,Portugal,290,46
PER,Peru,270,47
NZL,New Zealand,250,48
GRC,Greece,250,49
IRQ,Iraq,250,50